category, 0
Hobbies,1464
Die-Cast & Toy Vehicles,1221
Figures & Playsets,1111
Characters & Brands,960
Games,941
Arts & Crafts,802
Party Supplies,694
Fancy Dress,585
Sports Toys & Outdoor,372
Dolls & Accessories,371
Jigsaws & Puzzles,274
Puppets & Puppet Theatres,269
Baby & Toddler Toys,106
Pretend Play,45
Musical Toy Instruments,19
Novelty & Special Use,11
"Pens, Pencils & Writing Supplies",7
Office Supplies,6
Electronic Toys,5
Home Accessories,5
Bags,4
Cooking & Dining,4
Women,3
Gardening,3
Educational Toys,3
Worlds Apart,3
Supporters' Gear,2
"Sweets, Chocolate & Gum",2
Dogs,2
Medication & Remedies,2
Indoor Lighting,2
Car Parts,1
"Jams, Honey & Spreads",1
"Laundry, Storage & Organisation",1
Lab & Scientific Products,1
Bedding & Linens,1
"Storage, Cleaning & Ring Sizers",1
Medical Supplies & Equipment,1
Handbags & Shoulder Bags,1
Novelty Jewellery,1
Men,1
Sex & Sensuality,1
Camping & Hiking,1
